{
    "name": "bzlead",
    "version": "1.2.20",
    "factorio_version": "1.1",
    "title": "Lead",
    "author": "Brevven",
    "contact": "",
    "homepage": "",
    "dependencies": [
      "base >= 1.1.0",
      "? bzsilicon",
      "? space-exploration",
      "? Krastorio2",
      "? Rich-Rocks-Requiem",
      "? 248k",
      "? deadlock-beltboxes-loaders",
      "? DeadlockCrating"
    ],
    "description": "Adds lead ore and plates to the base game as an early game resource.\n\nLead is used in ammunition, pipes, batteries and a few other places.\nCompatible with RSO, Krastorio 2, Space Exploration and other mods. A standalone piece of BZ Mods.\n\nWith graphics by snouz."
}

