{
    "name": "bzvery",
    "version": "0.5.1",
    "factorio_version": "1.1",
    "title": "Very BZ",
    "author": "Brevven",
    "contact": "",
    "homepage": "https://forums.factorio.com/viewtopic.php?f=190&t=98515",
    "dependencies": [
      "bz-dsr-bridge",
      "bzaluminum",
      "bzcarbon",
      "bzfoundry",
      "bzlead",
      "bzsilicon",
      "bztitanium",
      "bztungsten",
      "bzzirconium",
      "bztin",
      "bzgas"
    ],
    "description": "Mod pack for all BZ Mods including Titanium, Lead, Tungsten, Silicon, Zirconium and more. Turns on some settings by default, but adds nothing new to the game itself."
}

