{
    "name": "bztitanium",
    "version": "1.2.13",
    "factorio_version": "1.1",
    "title": "Titanium",
    "author": "Brevven",
    "contact": "",
    "homepage": "",
    "dependencies": [
      "base >= 1.0.0",
      "? aai-industry",
      "? space-exploration",
      "? Krastorio2",
      "? Rich-Rocks-Requiem",
      "? FactorioExtended-Plus-Core",
      "? Pre0-17-60Oil",
      "? Deadlock-SE-bridge",
      "? deadlock-beltboxes-loaders",
      "? DeadlockCrating",
      "? modmashsplinterresources",
      "? EndgameCombat",
      "(?) Power Armor MK3",
      "? 248k",
      "! nullius"
    ],
    "description": "Adds titanium to the base game.\n\nTitanium is used in Low Density Structures, Flying Robot Frames and a few other places.\n\nCompatible with Krastorio 2, Space Exploration, Aircraft, 5Dim's, FE+ and other mods. A standalone piece of BZ Mods.\n\nWith graphics by snouz."
}

