{
  "name": "factorissimo-2-notnotmelon",
  "version": "1.4.3",
  "title": "Factorissimo 2 - notnotmelon fork",
  "author": "MagmaMcFry, notnotmelon",
  "homepage": "https://github.com/notnotmelon/factorissimo-fork",
  "description": "A fork of Factorissimo 2 focused on improving performance by implementing several 1.1 features. Can improve performance by 10X or higher. Also fixes several bugs from the original version.",
  "factorio_version": "1.1",
  "dependencies": [
    "base",
    "! Factorissimo2",
    "(?) Bio_Industries",
    "(?) power-grid-comb",
    "(?) EfficientSmelting",
    "(?) Krastorio2",
    "(?) PickerDollies",
    "(?) advanced_fluid_handling_for_py",
    "(?) SchallBeltConfiguration"
  ]
}