{ 
    "name": "bztungsten",
    "version": "0.7.13",
    "factorio_version": "1.1",
    "title": "Tungsten",
    "author": "Brevven",
    "contact": "",
    "homepage": "",
    "dependencies": [
      "base >= 1.1.0",
      "? space-exploration",
      "? Krastorio2",
      "? deadlock-beltboxes-loaders",
      "? DeadlockCrating",
      "? bztitanium",
      "? bzlead"
    ],
    "description": "Adds tungsten ore (wolframite), tungsten plates, tungsten carbide and rocket engine nozzles to the base game.\n\nCompatible with RSO, Space Exploration, Krastorio 2, and several other mods. A standalone piece of BZ Mods."
}

