{
    "name": "bzcarbon",
    "version": "0.5.9",
    "factorio_version": "1.1",
    "title": "Graphite & Diamonds",
    "author": "Brevven",
    "contact": "",
    "homepage": "",
    "dependencies": [
      "base >= 1.1.0",
      "? bztitanium",
      "? bzzirconium",
      "? bzfoundry",
      "? space-exploration",
      "? aai-industry",
      "? Krastorio2",
      "? 248k",
      "(?) modmashsplintersubspacelogistics",
      "? deadlock-beltboxes-loaders",
      "? DeadlockCrating"
    ],
    "description": "Adds elemental carbon items to the game, including graphite, diamonds, graphene, and optionally fullerenes, nanotubes, etc.\n\nCompatible with RSO, Krastorio 2, Space Exploration, and more. A standalone piece of BZ Mods"
}

