{
    "name": "bzzirconium",
    "version": "0.7.3",
    "factorio_version": "1.1",
    "title": "Zirconium",
    "author": "Brevven",
    "contact": "",
    "homepage": "",
    "dependencies": [
      "base >= 1.1.0",
      "? space-exploration",
      "? aai-industry",
      "? Krastorio2",
      "? deadlock-beltboxes-loaders",
      "? DeadlockCrating",
      "? omnimatter",
      "? bzsilicon",
      "? bzlead",
      "? bztitanium >= 0.12.4",
      "? bztungsten >= 0.5.0"
    ],
    "description": "Adds zircon, zirconia, zirconium, and cermet to the base game.\n\nCompatible with Krastorio 2, Space Exploration, FE+, and more. A standalone piece of BZ Mods."
}

