{
	"name": "space-exploration-menu-simulations",
	"version": "0.6.10",
	"title": "Space Exploration Menu Simulations",
	"author": "Earendel",
	"dependencies": [
		"base >= 1.1.107"
	],
	"description": "A variety of menu simulations for Space Exploration. Required dependency for Space Exploration. Install Space Exploration through the in-game Mods menu to also automatically install all required dependencies.",
	"factorio_version": "1.1",
	"homepage": "https://spaceexploration.miraheze.org/wiki/Main_Page",
  "package": {
    "git_publish_branch": "master",
    "ignore": ["**"],
    "extra": [
      { 
        "root": ".build"
      }
    ],
    "scripts": {
      "datestamp": "sh ./build-scripts/datestamp.sh",
      "prepackage": "sh ./build-scripts/prepackage.sh",
      "postpublish": "sh ./build-scripts/postpublish.sh"
    }
  }
}
