{
    "name": "bztin",
    "version": "0.1.13",
    "factorio_version": "1.1",
    "title": "Tin",
    "author": "Brevven",
    "contact": "",
    "homepage": "",
    "dependencies": [
      "base >= 1.1.0",
      "? bzfoundry >= 0.2.1",
      "? bztitanium >= 1.2.0",
      "? bzlead >= 1.2.0",
      "? bzzirconium >= 0.6.0",
      "? bztungsten >= 0.6.0",
      "? bzcarbon >= 0.5.5",
      "? bzaluminum >= 0.4.9",
      "? space-exploration >= 0.5.100",
      "(?) aai-industry",
      "? aai-industry",
      "? Krastorio2",
      "? sand-and-glass",
      "? deadlock-beltboxes-loaders",
      "? DeadlockCrating",
      "(?) RenaiTransportation"
    ],
    "description": "Adds tin, solder and more to the base game.\n\nCompatible with Krastorio 2 and Space Exploration. A standalone piece of BZ Mods."
}

