{
    "name": "bzaluminum",
    "version": "0.4.28",
    "factorio_version": "1.1",
    "title": "Aluminum",
    "author": "Brevven",
    "contact": "",
    "homepage": "",
    "dependencies": [
      "base >= 1.1.0",
      "bzfoundry >= 0.2.1",
      "~ bz-dsr-bridge",
      "? bztitanium >= 1.0.3",
      "? bzlead",
      "? bzzirconium >= 0.5.4",
      "? bztungsten >= 0.5.4",
      "? bzcarbon >= 0.1.2",
      "? space-exploration",
      "? aai-industry",
      "? Krastorio2",
      "? sand-and-glass",
      "? 248k",
      "? deadlock-beltboxes-loaders",
      "? DeadlockCrating",
      "(?) bobtech",
      "(?) bobassembly",
      "(?) bobpower",
      "(?) scattergun_turret"
    ],
    "description": "Adds aluminum, alumina, cables, alloys and more to the game.\n\nCompatible with Krastorio 2 and Space Exploration. A standalone piece of BZ Mods."
}

