{
    "name": "bzsilicon",
    "version": "0.11.12",
    "factorio_version": "1.1",
    "title": "Silica & Silicon",
    "author": "Brevven",
    "contact": "",
    "homepage": "",
    "dependencies": [
      "? Krastorio2",
      "? space-exploration",
      "? 248k",
      "? aai-industry",
      "? modmashsplinterelectronics",
      "(?) IndustrialRevolution",
	    "base >= 0.18"
    ],
    "description": "Adds simple Silica and Silicon to the game, along with basic fiber optics.\n\nCompatible with Krastorio 2, Space Exploration, and more. A standalone piece of BZ Mods.\n\nWith graphics by snouz."
}

