{
    "name": "bz-dsr-bridge",
    "version": "0.7.0",
    "factorio_version": "1.1",
    "title": "BZ Mods Bridge",
    "author": "Brevven",
    "contact": "",
    "homepage": "",
    "dependencies": [
      "? bzaluminum",
      "? bzcarbon",
      "? bzlead",
      "? bzsilicon",
      "? bztitanium",
      "? bztungsten",
      "? bzzirconium",
      "? bztin",
      "? bzgas",
      "? bzgold",
      "? bzchlorine",
      "? bzfoundry"
    ],
    "description": "Sets up optional dependencies on BZ mods (Lead, Silica & Silicon, Titanium, Tungsten, etc.) for Deadlock Stacked Recipes or other mods to use. Does not provide any additional functionality on its own."
}

