{
  "name": "TaskList",
  "version": "0.4.8",
  "title": "Task List",
  "description": "Keep track of your tasks / todos in a simple and unobtrusive interface.",
  "author": "raiguard",
  "contact": "https://github.com/raiguard/TaskList",
  "homepage": "https://github.com/raiguard/TaskList",
  "factorio_version": "1.1",
  "dependencies": [ "base >= 1.1.80", "flib >= 0.12.5" ],
  "package": {
    "ignore": [ "crowdin.yml", "imgui.ini", "screenshots/*", "stylua.toml" ],
    "scripts": {
      "prepublish": "factorio-crowdin-sync"
    },
    "sync_portal_details": true
  }
}
